,,
1, 4734 Lebanon Church Rd,15034
2, 202 McClure St,15034
3, 1 Ravine St,15034
4, 1530 Hamilton Rd Bethel,15234
5, 301 South Hills Village,15241
6, 414 Hawkins Ave,15104
7, 2101 Greentree Rd Ste B201,15220
8, 141 Hawthorne St Greentree,15106
9, 718A Hope Hollow Rd,15106
10, 920 Forsythe Rd Carnegie,15106
11, 8 Logan St Carnegie,15106
12, 2080 Greentree Rd,15220
13, 300 Beechwood Ave Carnegie,15106
14, 1011 Washington Ave,15106
15, 2100 Washington Pike,15106
16, 2100 Washington Pike,15106
17, Bower Hill Rd & Vanadium Rd,15106
18, 1927 E Railroad St,15106
19, 1201 Washington Ave,15106
20, 1073 Washington Ave,15106
21, 202 3rd Ave Carnegie,15106
22, 520 North Bell Avenue Carnegie,15106
23, 215 E Main St Carnegie,15106
24, 231 E Main St Carnegie,15106
25, 117 E Mall Plz Carnegie,15106
26, 301 Noblestown Rd East Carnegie,15106
27, Raceway Plz,15106
28, 2323 Greentree Rd,15106
29, 214 E Main St Carnegie,15106
30, 312 2nd Ave Carnegie,15106
31, 2180 Greentree Rd,15220
32, 100 Roessler Rd,15106
33, 200 E Main St Carnegie,15106
34, 300 Davis Blvd Etna,15275
35, 820 Amity St Homestead,15120
36, 270 W Bridge St Homestead,15120
37, 3619 Main St,15120
38, 660 Waterfront Dr E Homestead,15120
39, 138 W Bridge St Homestead,15120
40, 650 E Waterfront Dr Homestead,15120
41, 280 Waterfront Dr E Homestead,15120
42, 171 E Bridge St Homestead,15120
43, 101 E 7th Ave Homestead,15120
44, 690 Waterfront Dr E Homestead,15120
45, 122 W 8th Ave Homestead,15120
46, 180 E Waterfront Dr Homestead,15120
47, 3804 Main St,15120
48, 610 William Marks Way Homestead,15120
49, 2615 Main St,15120
50, 171 E Bridge St Homestead,15120
51, 1415 West St Homestead,15120
52, 166 E Bridge St Homestead,15120
53, 420 Waterfront Dr E Homestead,15120
54, 100 W Bridge St Homestead,15120
55, 244 W Bridge St Homestead West,15120
56, 1000 Sandcastle Dr Hays,15120
57, 401 E 8th Ave Homestead,15120
58, 207 E 16th Ave Apt 1 Homestead,15120
59, 3360 Main St,15120
60, 185 Waterfront Dr W Homestead,15120
61, 205 East Waterfront Drive Homestead,15120
62, The Waterfront Homestead,15120
63, 229 W Bridge St Homestead,15120
64, 126 West Bridge Street Homestead,15120
65, 148 W Bridge St Homestead West,15120
66, 112 W Bridge St Homestead,15120
67, 210 W Bridge St Homestead West,15120
68, 2114 West St Homestead,15120
69, 360 Waterfront Dr E Homestead,15120
70, 324 Amity St Homestead,15120
71, 3502 Main St,15120
72, 520 East Waterfront Drive Homestead,15120
73, 490 Waterfront Dr E Homestead,15120
74, 245 Waterfront Dr E Homestead,15120
75, 580 Waterfront Dr E Homestead,15120
76, 460 Waterfront Dr E Homestead,15120
77, 185 W Waterfront Dr Homestead,15120
78, 560 E Waterfront Dr Homestead,15120
79, The Waterfront 350 E Waterfront Dr Homestead,15120
80, 1886 Homeville Rd West,15122
81, 1356 Hoffman Blvd West,15122
82, Kennywood & Hoffman West,15122
83, 4426 Kennywood Blvd West,15122
84, 347 Lebanon Rd West,15122
85, 1842 Homeville Rd West,15122
86, 1822 Homeville Rd West,15122
87, 927 5th Ave,15132
88, 342 Island Ave Mc Kees,15136
89, 301 Chartiers Ave McKees,15136
90, 719 Broadway Ave McKees,15136
91, 824 Chartiers Ave Mc Kees,15136
92, 715 Island Ave Mc Kees,15136
93, 6570 Rt 60 Steubenville Pike McKees,15136
94, 1800 McKees Rocks Rd McKees,15136
95, 4260 Steubenville Pike,15205
96, 500 Pine Hollow Rd Mc Kees,15136
97, 1122 E Carson St South Side,15203
98, 421 Lincoln Ave Bellevue,15202
99, 4469 Ohio River Blvd Bellevue,15202
100, 531 Lincoln Ave Bellevue,15202
101, 4557 Ohio River Blvd Bellevue,15202
102, 610 Lincoln Ave Bellevue,15202
103, 512 Ohio River Blvd Avalon,15202
104, 616 Lincoln Ave Ste 7 Bellevue,15202
105, 1015 Ohio River Blvd Bellevue,15202
106, 120 Elizabeth Ave Avalon,15202
107, 565 Lincoln Ave Bellevue,15202
108, 549 Lincoln Ave Bellevue,15202
109, 567 Lincoln Ave Bellevue,15202
110, 543 Lincoln Ave Bellevue,15202
111, 734 Ohio River Blvd Avalon,15202
112, 4260 Ohio River Blvd Bellevue,15202
113, 661 Lincoln Ave Bellevue,15202
114, 935 Ohio River Blvd Avalon,15202
115, 560 Lincoln Ave Bellevue,15202
116, 3860 Chartiers Ave Windgap,15204
117, 1234 Straka St Crafton Heights,15204
118, 5514 Penn Ave Friendship,15206
119, 7315 Butler St Morningside,15206
120, 6738 Reynolds St Point Breeze,15206
121, 724 N Sheridan Ave East Liberty,15206
122, 518 Mellon St East Liberty,15206
123, 235 Carron St Shadyside,15206
124, 6320 Shakespeare St Ste 7 Shadyside,15206
125, 219 S Highland Ave Shadyside Plaza Shadyside,15206
126, 1744 Chislett St Morningside,15206
127, 1234 Washington Blvd Lincoln,15206
128, 213 S Highland Ave Shadyside,15206
129, 420 N Highland Ave East Liberty,15206
130, 226 Shady Ave Shadyside,15206
131, 5735 Baum Blvd East Liberty,15206
132, 6223 Meadow St Larimer,15206
133, 6620 Hamilton Ave Larimer,15206
134, 254 S Highland Ave Shadyside,15206
135, 6100 Penn Ave East Liberty,15206
136, 5913 Station Street East Liberty,15206
137, 1748 Jancey St Morningside,15206
138, 1125 N Highland Ave Highland Park,15206
139, 6325 Penn Ave East Liberty,15206
140, 216 S Highland Ave Shadyside,15206
141, 6393 Penn Ave Shadyside,15206
142, 235 S Highland Ave Shadyside,15206
143, 215 S Highland Ave Shadyside,15206
144, 235 Shady Ave Shadyside,15206
145, 5525 Penn Avenue Garfield,15206
146, 6361 Penn Ave East Liberty,15206
147, 5775 Baum Blvd East Liberty,15206
148, 5941 Penn Ave East Liberty,15206
149, 5964 Baum Blvd East Liberty,15206
150, 5738 Baum Blvd East Liberty,15206
151, 5906 Bryant St Highland Park,15206
152, 5900 Baum Blvd East Liberty,15206
153, 130 S Whitfield St East Liberty,15206
154, 5972 Baum Blvd East Liberty,15206
155, 400 N Highland Ave East Liberty,15206
156, 5472 Penn Ave Friendship,15206
157, 271 Paulson Ave Larimer,15206
158, 244 S Highland Ave Shadyside,15206
159, 211 S Highland Ave Shadyside,15206
160, 5914 Station Street East Liberty,15206
161, 400 Hastings St Point Breeze,15206
162, 217 S Highland Ave Shadyside,15206
163, 5917 Penn Ave East Liberty,15206
164, 250 S Highland Ave Shadyside,15206
165, 5880 Centre Ave Shadyside,15206
166, 1012 Washington Blvd Larimer,15206
167, 52 Penn Cir W East Liberty,15206
168, 272 Shady Ave Shadyside,15206
169, 6032 Stevenson Pl Shadyside,15206
170, 200 S Highland Ave Shadyside,15206
171, 5700 Centre Ave Shadyside,15206
172, 401 Shady Ave Ste A101 Shadyside,15206
173, 229 S Highland Ave Shadyside,15206
174, 431 Shady Ave Shadyside,15206
175, 5430 Penn Ave Bloomfield,15206
176, 258 S Highland Ave Shadyside,15206
177, 6742 Reynolds St Point Breeze,15206
178, 7103 Reynolds St Point Breeze,15208
179, 7516 Meade St Point Breeze,15208
180, 214 N Lexington St Point Breeze,15208
181, 7501 Penn Ave Point Breeze,15208
182, 7501 Penn Ave Point Breeze,15208
183, 6902 5th Ave Homewood,15208
184, 238 Spahr St Shadyside,15232
185, 7227 Reynolds St Point Breeze,15208
186, 6888 Hamilton Ave Homewood,15208
187, 238 Brownsville Rd Mt. Oliver,15210
188, 301 Fifth Ave Downtown,15222
189, 203 Brownsville Rd Mt. Oliver,15210
190, 4600 E Carson St South Side,15210
191, 237 Brownsville Rd Mt. Oliver,15210
192, 225 Brownsville Rd Mt. Oliver,15210
193, 243 Brownsville Rd Mt. Oliver,15210
194, 804 E Warrington Ave Allentown,15210
195, 823 E Warrington Ave Allentown,15210
196, 700 Towne Square Way,15227
197, 2134 Brownsville Rd Carrick,15210
198, 2158 Brownsville Rd Carrick,15210
199, 2104 Brownsville Rd Carrick,15210
200, 2158 Brownsville Rd Carrick Shopping Center Carrick,15210
201, 2209 Saw Mill Run Blvd Overbrook,15210
202, 2015 Saw Mill Run Blvd Overbrook,15210
203, 2080 Saw Mill Run Blvd Brookline,15210
204, 1600 Saw Mill Run Blvd Brookline,15210
205, 2417 Brownsville Rd Carrick,15210
206, 1820 Brownsville Rd Carrick,15210
207, 403 E Ohio St North Side,15212
208, 310 Cedar Ave North Side,15212
209, 525 E Ohio St North Side,15212
210, 537 Suismon St North Side,15212
211, 630 E Ohio St North Side,15212
212, 539 E Ohio St North Side,15212
213, 614 Pressley St North Side,15212
214, 1527 Federal St North Side,15212
215, 719 E St Etna,15212
216, 503 Martindale St North Side,15212
217, 1106 Federal St North Side,15212
218, 876 Progress St North Side,15212
219, 2110 Brighton Rd North Side,15212
220, 1535 Lowrie St Troy Hill,15212
221, 857 Phineas St North Side,15212
222, 1720 Lowrie St Troy Hill,15212
223, Carnegie Science Center 1 Allegheny Ave North Side,15212
224, 4400 Forbes Ave Oakland,15213
225, 1062 Progress St Troy Hill,15212
226, 1219 Federal St North Side,15212
227, 500 E N Ave North Side,15212
228, 307 N Taylor Ave North Side,15212
229, 950 Ridge Ave North Side,15212
230, 320 Cedar Ave North Side,15212
231, 505 Foreland St North Side,15212
232, 600 Foreland St North Side,15212
233, 410 E Ohio St North Side,15212
234, 10 Allegheny Ctr North Side,15212
235, 600 W North Ave North Side,15212
236, 1110 Federal St North Side,15212
237, 405 E Ohio St North Side,15212
238, 535 E Ohio St North Side,15212
239, 103 Federal St North Side,15212
240, 728 James St North Side,15212
241, Allegheny Sq 10 Children's Way North Side,15212
242, 424 E Ohio St North Side,15212
243, 700 N Taylor Ave North Side,15212
244, 100 Art Rooney Ave North Side,15212
245, 537 E Ohio St North Side,15212
246, 115 Federal St North Side,15212
247, 1700 Harpster St Troy Hill,15212
248, 130 44th St Lawrenceville,15201
249, 1276 Benton Ave Brighton Heights,15212
250, 2812 Shadeland Ave North Side,15212
251, 3639 California Ave Brighton Heights,15212
252, 1223 Woods Run Ave North Side,15212
253, 3853 California Ave Brighton Heights,15212
254, 3627 California Ave Brighton Heights,15212
255, 745 Maginn St North Side,15214
256, 3912 Perrysville Ave Observatory Hill,15214
257, 1000 Banksville Rd Banksville,15216
258, 3055 W Liberty Ave Dormont,15216
259, 1439 Potomac Ave Dormont,15216
260, 2904 W Liberty Ave Dormont,15216
261, 3116 Banksville Rd Banksville,15216
262, 2895 W Liberty Ave Dormont,15216
263, 2892 W Liberty Ave Dormont,15216
264, 1701 Banksville Rd Banksville,15216
265, 3125 Banksville Rd Dormont,15216
266, 3099 Banksville Rd Banksville,15216
267, 1602 Potomac Ave Dormont,15216
268, 801 Brookline Blvd Brookline,15226
269, 299 Beverly Rd Mount,15216
270, 1648 Broadway Ave Beechview,15216
271, 297 Beverly Rd,15216
272, 300 Beverly Rd,15216
273, 1413 Potomac Ave Dormont,15216
274, 2937 W Liberty Ave Dormont,15216
275, 2937 W Liberty Ave Dormont,15216
276, 1419 Potomac Ave Dormont,15216
277, 1150 Banksville Road Banksville,15216
278, 1473 Banksville Rd Banksville,15216
279, 293 Beverly Rd,15216
280, 311 Beverly Rd,15216
281, 3040 Banksville Rd Banksville,15216
282, 2999 W Liberty Ave Dormont,15216
283, 2874 W Liberty Ave Dormont,15216
284, 1691 McFarland Rd Dormont,15216
285, Stephen Foster Memorial 4301 Forbes Ave Oakland,15260
286, 3109 W Liberty Ave Dormont,15216
287, 951 Banksville Rd Beechview,15216
288, 3239 W Liberty Ave Dormont,15216
289, 1608 Potomac Ave Dormont,15216
290, 2900 W Liberty Ave Dormont,15216
291, 1430 Potomac Ave Dormont,15216
292, 1509 Potomac Ave Dormont,15216
293, 309 Beverly Rd,15216
294, 1503 Potomac Ave Dormont,15216
295, 1150 Banksville Rd Banksville,15216
296, 1150 Banksville Rd Banksville,15216
297, 1378 Banksville Rd Banksville,15216
298, 1616 Broadway Ave Beechview,15216
299, 307 Beverly Rd,15216
300, 303 Beverly Rd,15216
301, 2961 W Liberty Ave Dormont,15216
302, 1685 McFarland Rd,15216
303, 301 Beverly Rd,15216
304, 3143 Banksville Ave Banksville Plaza Dormont,15216
305, 297 Beverly Rd,15216
306, 2515 Banksville Rd Banksville,15216
307, 2858 Banksville Rd Banksville,15216
308, 1200 S Braddock Ave,15218
309, 1118 S Braddock Ave,15218
310, 1700 Monongahela Ave,15218
311, 1104 S Braddock Ave,15218
312, 7034 Blackhawk St,15218
313, 1106 S Braddock Ave,15218
314, 1789 South Braddock Ave Suite 110,15218
315, 1100 S Braddock Ave,15218
316, 1039 S Braddock Ave,15218
317, 1111 S Braddock Ave,15218
318, 1603 S Braddock Ave,15218
319, 1108 S Braddock Ave,15218
320, 102 E Swissvale Ave,15218
321, 1918 Monongahela Ave,15218
322, 7544 Roslyn St,15218
323, 1671 Monongahela Ave,15218
324, 7400 Church St,15218
325, 2122 Monongahela Ave,15218
326, 7520 Washington St,15218
327, 1705 S Braddock Ave,15218
328, 1703 S Braddock Ave,15218
329, 1775 S Braddock Ave,15218
330, 1 Pennwood Ave,15218
331, 6314 Forbes Ave Squirrel Hill,15217
332, 1121 S Braddock Ave,15218
333, Edgwd Towne Ctr,15218
334, 1600 S Braddock Ave,15218
335, 2100 Greentree Rd,15220
336, Scott Towne Center 2101 Greentree Rd,15220
337, 1984 Green Tree,0
338, 1960 Greentree Rd,15220
339, 1608 Cochran Rd,15220
340, 1717 Cochran Rd,15220
341, 1079 Greentree Rd Greentree,15220
342, 1910 Cochran Rd,15220
343, 1717 Cochran Rd,15220
344, 2010 Greentree Rd,15220
345, 2000 Greentree Rd,15220
346, 1660 Cochran Rd,15220
347, 1644 Cochran Rd,15220
348, 1910 Cochran Rd Ste 210,15220
349, 1717 Cochran Rd,15220
350, 1717 Cochran Rd,15220
351, 1900 Greentree Rd,15220
352, 713 Chartiers Ave West End,15220
353, 900 Parish St Greentree,15220
354, 1006 Greentree Rd Greentree,15220
355, 412 Greentree Rd West End,15220
356, 333 Mansfield Ave Greentree,15220
357, 1178 Steuben St Crafton Heights,15220
358, 875 Greentree Rd Greentree,15220
359, 1165 McKinney Ln West End,15220
360, 875 Greentree Rd Ste 2 Greentree,15220
361, 971 Greentree Road Greentree,15220
362, 875 Greentree Rd Greentree,15220
363, 401 Holiday Drive Greentree,15220
364, 978 Greentree Rd Greentree,15220
365, 979 Greentree Rd Greentree,15220
366, 7 Market Sq Downtown,15222
367, 530 William Penn Pl Downtown,15219
368, 256 5th Ave Downtown,15222
369, 5932 Penn Cir S Ste B301 Shadyside,15206
370, 401 Wood St Downtown,15222
371, 203 Federal St North Side,15212
372, 1001 Liberty Ave Downtown,15222
373, 2627 Penn Ave Strip District,15222
374, 123 7th St Downtown,15222
375, 901 Penn Avenue,15221
376, 140 6th St Downtown,15222
377, 1901 Penn Ave Strip District,15222
378, 345 6th Ave Shadyside,15222
379, 202 Stanwix St Downtown,15222
380, 100 24th St Strip District,15222
381, 1727 Penn Ave Strip District,15222
382, 625 Stanwix St Downtown,15222
383, 2800 Penn Ave Strip District,15222
384, 2 Market Sq Downtown,15222
385, 305 7th Ave Carnegie,15222
386, 608 Wood St Downtown,15222
387, 2023 Penn Ave Strip District,15222
388, 1904 Penn Ave Strip District,15222
389, 527 Smithfield St Downtown,15222
390, 23 Market Sq Downtown,15222
391, 133 6th St Downtown,15222
392, 429 Smithfield St Downtown,15222
393, 1001 Liberty Ave Downtown,15222
394, 4 Market Sq Downtown,15222
395, 130 6th St Downtown,15222
396, 2601 Smallman St Strip District,15222
397, 2503 Penn Ave Strip District,15222
398, 2100 Smallman St Strip District,15222
399, 625 Liberty Ave Ste 180 Downtown,15222
400, 1735 Penn Ave Strip District,15222
401, 603 Stanwix St Downtown,15222
402, 817 Liberty Ave Suite J Downtown,15222
403, 535 Smithfield St Oliver Bldg Downtown,15222
404, 1100 Liberty Ave Downtown,15222
405, 513 Smithfield St Downtown,15222
406, 707 Grant St Downtown,15219
407, 433 Wood St Downtown,15222
408, 2425 Liberty Ave. Strip District,15222
409, 2549 Penn Ave Strip District,15222
410, 12 Smithfield St Downtown,15222
411, 205 21st St Strip District,15222
412, 1740 Eckert St. North Side,15212
413, 300 Forbes Ave Downtown,15222
414, 719 Liberty Ave Downtown,15222
415, 5th Avenue Pl Downtown,15222
416, 20 Stanwix St Downtown,15222
417, 1649 Penn Ave Strip District,15222
418, Investment Bldg 239 4th,0
419, 2650 Penn Ave Strip District,15222
420, 441 Smithfield St Downtown,15222
421, 639 Smithfield St Downtown,15222
422, 612 Smithfield St Downtown,15222
423, 1001 Liberty Ave Downtown,15222
424, 2115 Penn Ave Strip District,15222
425, 223 4th Ave Downtown,15222
426, 1711 Penn Ave Strip District,15222
427, 1642 Penn Ave Strip District,15222
428, 1241 Penn Ave Strip District,15222
429, 621 Penn Ave Downtown,15222
430, 650 Smithfield St Ste 2200 Downtown,15222
431, 2825 Penn Ave Strip District,15222
432, 100 Waterfront Dr,15222
433, 355 5th Ave Ste 1325 Downtown,15222
434, 2124 Penn Ave Strip District,15222
435, 1808 Penn Ave Strip District,15222
436, 23 Market Sq 2nd Fl Downtown,15222
437, 604 Wood St Downtown,15222
438, 139 7th St Downtown,15222
439, 1100 Liberty Ave Ste 1017 Downtown,15222
440, 120 5th Ave Ste 2 Downtown,15222
441, 717 Liberty Ave Ste 209 Downtown,15222
442, 606 Liberty Ave Downtown,15222
443, 628 Smithfield St Downtown,15222
444, 609 Penn Ave Ste 203 Downtown,15222
445, 6 PPG Pl Downtown,15222
446, 545 Liberty Ave Downtown,15222
447, 304 Forbes Ave Downtown,15222
448, 115 Smithfield St Downtown,15222
449, 212 Blvd of the Allies Downtown,15222
450, 969 Liberty Ave Downtown,15222
451, 965 Liberty Ave Downtown,15222
452, 2101 Penn Ave Strip District,15222
453, 3 Ppg Pl Downtown,15222
454, 1809 Penn Ave Strip District,15222
455, 2801 Penn Ave Strip District,15222
456, 2 Gateway Ctr Downtown,15222
457, 945 Penn Ave Downtown,15222
458, 2840 Smallman St Strip District,15222
459, 703 Liberty Ave Downtown,15222
460, 2835 Smallman St Strip District,15222
461, 719 Liberty Ave Downtown,15222
462, 321E 7th Ave Homestead,15120
463, 630 Stanwix St Downtown,15222
464, 957 Liberty Ave Downtown,15222
465, 24 Market Sq Downtown,15222
466, 1736 Penn Ave Strip District,15222
467, 626 Smithfield St Downtown,15222
468, 420 Smithfield St Downtown,15222
469, 320 6th Ave Downtown,15222
470, 949 Liberty Ave Downtown,15222
471, 2005 Penn Ave Strip District,15222
472, 601 Wood St Downtown,15222
473, 1100 Liberty Ave Downtown,15222
474, 525 Penn Ave Downtown,15222
475, 923 Penn Ave Downtown,15222
476, 2020 Penn Ave Strip District,15222
477, 119 Forbes Ave Downtown,15222
478, 1645 Penn Ave Strip District,15222
479, 2010-12 Penn Ave Strip District,15222
480, 809 Liberty Ave Downtown,15222
481, 2 Gateway Ctr Strip District,15222
482, 2205 Penn Ave Strip District,15222
483, 400 Smithfield St Downtown,15222
484, 1719 Penn Ave Strip District,15222
485, 1400 Smallman St Strip District,15222
486, 1400 Smallman St Strip District,15222
487, 219 4th Ave Downtown,15222
488, 1721 Penn Ave Strip District,15222
489, 107 6th St Downtown,15222
490, 1000 Fort Duquesne Blvd Downtown,15222
491, 1000 Penn Ave Downtown,15222
492, 20 Market Sq Downtown,15222
493, 823 Penn Ave Downtown,15222
494, 931 Liberty Ave Downtown,15222
495, 2329 Penn Ave Strip District,15222
496, 210 6th Ave Downtown,15222
497, 2120 Penn Ave Strip District,15222
498, 339 6th Ave Downtown,15222
499, 124 6th St Downtown,15222
500, 10 Market St Downtown,15222
501, 222 1st St Aspinwall,15215
502, 4765 Liberty Ave Bloomfield,15224
503, 4931 Penn Ave Garfield,15224
504, 5123 Penn Ave Garfield,15224
505, 4911 Penn Ave Garfield,15224
506, 4506 Liberty Ave Bloomfield,15224
507, 4042 Liberty Ave Bloomfield,15224
508, 5242 Baum Blvd Bloomfield,15224
509, 4526 Liberty Ave Bloomfield,15224
510, 4763 Liberty Ave Bloomfield,15224
511, 4766 Liberty Ave Bloomfield,15224
512, 5003 Penn Ave Garfield,15224
513, 4109 Penn Ave Lawrenceville,15224
514, 4720 Liberty Ave Bloomfield,15224
515, 4512 Liberty Ave Bloomfield,15224
516, 4751 Liberty Ave Bloomfield,15224
517, 5147 Penn Ave Garfield,15224
518, 4917 Penn Ave Garfield,15224
519, 5170 Liberty Ave Bloomfield,15224
520, 237 Cedarville St Bloomfield,15224
521, 4761 Liberty Ave Bloomfield,15224
522, 4755 Liberty Ave Bloomfield,15224
523, 5151 Woodworth St Bloomfield,15224
524, 4320 Penn Ave Bloomfield,15224
525, 4776 Liberty Ave Bloomfield,15224
526, 178 Pearl St Bloomfield,15224
527, 4711 Liberty Ave Bloomfield,15224
528, 4741 Liberty Ave Bloomfield,15224
529, 4608 Liberty Ave Bloomfield,15224
530, 4744 Liberty Ave Bloomfield,15224
531, 4050 Penn Ave Bloomfield,15224
532, 4723 Liberty Ave Bloomfield,15224
533, 5221 Baum Blvd Bloomfield,15224
534, 4727 Liberty Ave Bloomfield,15224
535, 4786 Liberty Ave Bloomfield,15224
536, 4601 Liberty Ave Bloomfield,15224
537, 4114 Main St Bloomfield,15224
538, 4301 Main St Bloomfield,15224
539, 4729 Liberty Ave Bloomfield,15224
540, 4424 Penn Ave Ste 101 Bloomfield,15224
541, 4822 Liberty Ave Bloomfield,15224
542, 5308 Liberty Ave Bloomfield,15224
543, 4210 Main St Bloomfield,15224
544, 5135 Liberty Ave Bloomfield,15224
545, 5200 Baum Blvd Bloomfield,15224
546, 4760 Liberty Ave Bloomfield,15224
547, 5125 Baum Blvd Bloomfield,15224
548, 4617 Liberty Ave Bloomfield,15224
549, 4613 Liberty Ave Bloomfield,15224
550, 5104 Liberty Ave Bloomfield,15224
551, 4067 Penn Ave Bloomfield,15224
552, 4627 Liberty Ave Bloomfield,15224
553, 103 Capital Ave Beechview,15226
554, 2020 W Liberty Ave Beechview,15226
555, 890 Saw Mill Run Blvd Bon Air,15226
556, 300 Hargrove St Mt. Washington,15226
557, 1011 Brookline Blvd Brookline,15226
558, 546 Brookline Blvd Brookline,15226
559, 500 Brookline Blvd Brookline,15226
560, 530 Brookline Blvd Brookline,15226
561, 620 Brookline Blvd Brookline,15226
562, 706 Brookline Blvd Brookline,15226
563, 437 McNeilly Rd,15226
564, 2600 Pioneer Ave Brookline,15226
565, 2410 W Liberty Ave Beechview,15226
566, 430 Fernhill Ave Brookline,15226
567, 2500 W Liberty Ave Beechview,15226
568, 2518 W Liberty Ave Beechview,15226
569, 956 Brookline Blvd Brookline,15226
570, 437 McNeilly Rd,15226
571, 1 Poplar St Greentree,15205
572, 429 Cochran Rd,15228
573, 715 Washington Rd,15228
574, 1500 Washington Rd,15228
575, 731 Washington Rd # 733,15228
576, 719 Washington Rd Mount,15228
577, 450 Cochran Rd,15228
578, 701 Washington Rd,15228
579, 703 Washington Rd,15228
580, 636 Washington Rd,15228
581, 713 Washington Rd,15228
582, 642 Washington Rd,15228
583, 1500 Washington Rd Mount,15228
584, 16 Castle Shannon Blvd,15228
585, 2975 W Liberty Ave Dormont,15216
586, 689 Washington Rd,15228
587, 1500 Washington Rd Ste 1205,15228
588, 622 Washington Rd,15228
589, 1500 Washington Rd,15228
590, Galleria At S Pt,15228
591, 600 Washington Rd,15228
592, 4 Bower Hill Rd,15228
593, 713 Washington Rd,15228
594, 1500 Washington Rd,15228
595, 725 Washington Rd,15228
596, 650 Washington Rd Mount,15228
597, Mt. Lebanon Mall 1500 Washington Rd,15228
598, 697 Washington Rd,15228
599, 20 Cedar Blvd Ste 301,15228
600, 659 Washington Rd,15228
601, 328 Cochran Rd,15228
602, 1500 Washington Rd,15228
603, 723 Washington Rd,15228
604, 300 Hazel Dr,15228
605, 700 Connor Rd,15228
606, 1679 Washington Rd,15228
607, 5502 Walnut St Shadyside,15232
608, 5524 Walnut St Shadyside,15232
609, 5859 Ellsworth Ave Shadyside,15232
610, 5850 Ellsworth Ave Shadyside,15232
611, 5850 Ellsworth Ave Shadyside,15232
612, 5743 Walnut St Shadyside,15232
613, 5847 Ellsworth Ave Shadyside,15232
614, 5844 Ellsworth Ave Shadyside,15232
615, 5847 Ellsworth Ave Shadyside,15232
616, 5825 Ellsworth Ave Shadyside,15232
617, 5747 Ellsworth Ave Shadyside,15232
618, 5892 Ellsworth Ave Shadyside,15232
619, 5857 Ellsworth Ave Shadyside,15232
620, 5739 1/2 Walnut St Shadyside,15232
621, 5608 Walnut St Shadyside,15232
622, 5405 5th Ave Shadyside,15232
623, 5533 Walnut St Shadyside,15232
624, 5734 Ellsworth Ave Shadyside,15232
625, 5404 Centre Ave Shadyside,15232
626, 739 Bellefonte St Shadyside,15232
627, 5431 Walnut St Shadyside,15232
628, 5525 Walnut St Shadyside,15232
629, 5541 Walnut St Shadyside,15232
630, 806 S Aiken Ave Shadyside,15232
631, 5419 Walnut St Shadyside,15232
632, 5500 Walnut St Shadyside,15232
633, 532 S Aiken Ave Ste 520 Shadyside,15232
634, 5522 Walnut St Shadyside,15232
635, 703 S Negley Ave Shadyside,15232
636, 5744 Ellsworth Ave Shadyside,15232
637, 5855 Ellsworth Ave Shadyside,15232
638, 5741 Ellsworth Ave Shadyside,15232
639, 580 S Aiken Ave Shadyside,0
640, 5550 Centre Ave Shadyside,15232
641, 5430 Centre Ave Shadyside,15232
642, 5421 Walnut St Shadyside,15232
643, 5542 Walnut St Shadyside,15232
644, 5442 Walnut St Shadyside,15232
645, 5533 Walnut St Shadyside,15232
646, 5504 Walnut Street Shadyside,15232
647, 738 Bellefonte St Shadyside,15232
648, 5401 Walnut St Shadyside,15232
649, 810 Bellefonte St Shadyside,15232
650, 5501 Walnut St Shadyside,15232
651, 733 Copeland St Shadyside,15232
652, 5527 Walnut St Shadyside,15232
653, 5105 LIberty Ave Bloomfield,15224
654, 815 Copeland St Shadyside,15232
655, 3453 Butler Street Lawrenceville,15201
656, 732 Filbert St Ste 1 Shadyside,15232
657, 815 S Aiken Ave Shadyside,15232
658, 515 S Aiken Ave Ste 1 Shadyside,15232
659, 731 Copeland St Shadyside,15232
660, 5527 Walnut St Shadyside,15232
661, 732 Filbert St Shadyside,15232
662, Shadyside Smiles 5750 Centre,0
663, 5411 Walnut St Shadyside,15232
664, 5124 Fifth Ave Squirrel Hill,15232
665, 5516 Maple Heights Rd Squirrel Hill,15232
666, Walnut Street - Pittsburgh 5436 Walnut St Shadyside,15232
667, 806 Ivy St Shadyside,15232
668, 5422 Baum Blvd Bloomfield,15232
669, 5440 Walnut St Shadyside,15232
670, 5416 Walnut St Shadyside,15232
671, 5505 Walnut St Shadyside,15232
672, 5894 Ellsworth St Shadyside,15232
673, 738 Copeland St Shadyside,15232
674, 5500 Walnut St Shadyside,15232
675, 5514 Walnut St Shadyside,15232
676, 331 Mount Lebanon Blvd,15234
677, 427 Mount Lebanon Blvd,15234
678, 4101 Library Rd,15234
679, 329 Mt. Lebanon Blvd Castle,15234
680, 3759 Library Rd,15234
681, 300 Mount Lebanon Blvd,15234
682, 4156 Library Rd,15234
683, 1116 Castle Shannon Blvd,15234
684, 300 Mount Lebanon Blvd,15234
685, 990 Castle Shannon Blvd,15234
686, 250 Mt Lebanon Blvd,15234
687, 3349 Library Rd,15234
688, 2719 Library Road Overbrook,15234
689, 3738 Library Rd,15234
690, 3360 Library Rd,15234
691, 3220 Library Rd,15234
692, 3360 Library Rd,15234
693, 2513 Transport St Overbrook,15234
694, 1100 Grove Rd,15234
695, 2660 Library Rd,15234
696, 3360 Library Rd,15234
697, 2544 Library Rd Overbrook,15234
698, 2739 Library Rd Overbrook,15234
699, 3107 Library Rd,15234
700, 3333 Library Rd,15234
701, 1231 Grove Rd,15234
702, 1001 Clairton Boulevard,15236
703, 4846 Streets Run Rd Hays,15236
704, 4755 Clairton Blvd,15236
705, 4851 Clairton Blvd,15236
706, 4730 Clairton Blvd,15236
707, 540 Weyman Rd,15236
708, 1209 Streets Run Rd,15236
709, 4615 Clairton Blvd,15236
710, 1735 Prospect Rd South Hills,15236
711, 954 Freeport Rd,15238
712, 243 W 8th Ave Homestead West,15120
713, 891 Freeport Rd,15238
714, 910 Freeport Rd,15238
715, 926 Freeport Rd,15238
716, 936 Freeport Rd,15238
717, 1124 Freeport Rd,15238
718, 976 Freeport Rd Rm A2,15238
719, 1152 Freeport Rd,15238
720, 1149 Freeport Rd,15238
721, 1110 Freeport Rd,15238
722, 843 Freeport Rd,15238
723, 1050 Freeport Road,15238
724, 48 Fox Chapel Rd,15238
725, 966 Freeport Rd,15238
726, 1034 Freeport Rd,15238
727, 468 Freeport Rd,15238
728, 238 Freeport Rd,15238
729, 378 Freeport Rd,15238
730, 217 Freeport Rd,15238
731, 364 Freeport Rd,15238
732, 1154 Freeport Rd Fox Chapel,15238
733, 1372 Freeport Rd,15238
734, 2101 Greentree Rd,15220
735, 101 Radisson Dr Greentree,15205
736, 2212 Noblestown Rd Ste 6 West End,15205
737, 600 Forbes Ave The Hill District,15282
738, 454 Salem Dr,15243
739, 196 YMCA Dr,28012
740, 7016 Wilkinson Blvd,28012
741, 6928 W Wilkinson Blvd,28012
742, 23 N Main St,28012
743, 660 Park St,28012
744, 685 Park St. Abbey Plaza,28012
745, 6450 W Wilkinson Blvd,28012
746, 417 Catawba St,28012
747, 6507 W Wilkinson Blvd,28012
748, 670 Park St,28012
749, 403 Catawba St,28012
750, 6831 W Wilkinson Blvd,28012
751, 680 Park St,28012
752, 208 Glenway St,28012
753, 6511 W Wilkinson Blvd,28012
754, 6805 W Wilkinson Blvd,28012
755, 505 N Main St,28012
756, 2 Caldwell Dr,28012
757, 6517 W Wilkinson Blvd,28012
758, 429 Catawba St,28012
759, 6802 W Wilkinson Blvd,28012
760, 101 Kenwood St,28012
761, 9548 Mount Holly Hntrsvlle Rd,28078
762, 9548 Mt Holly Huntersville Rd,28078
763, 11725 Verhoeff Dr,28078
764, 5225 Sample Rd,28078
765, 5225 Sample Rd,28078
766, 5225 Sample Rd,28078
767, 14410 Eastfield Rd,28078
768, Rural Hill Farm 4431 Neck Rd,28078
769, 6000 Sample Rd,28078
770, 11711 Alexanderana Rd,28078
771, 12117 Statesville Rd,28078
772, 13715 Providence Rd,28104
773, 3216 Old Monroe Rd,28104
774, 4520 Potters Rd,28104
775, 4390 Potters Rd,28104
776, 625 Stallings Rd,28104
777, 3747 Matthews Indian Trail Rd Ste 700,28104
778, 3477 Gribble Rd,28104
779, 4405 Potters Rd,28104
780, 524 Stallings Rd,28104
781, 13661 Providence Rd,28104
782, 13649 Providence Rd,28104
783, 13624 Providence Rd,28104
784, 2001 Mount Harmony Ch Rd,28104
785, 11220 Elm Ln Ste 102 Ballantyne,28277
786, 13641 Providence Rd,28104
787, Uptown,28104
788, 1253 Matthews-Mint Hill Rd,28106
789, 250 Beatty Dr,28012
790, 791 W Charlotte Ave Mount,28120
791, 205 Madora St Mount,28120
792, 717 Rhyne Rd,28214
793, 704 S Main St Mount,28120
794, 1610 S NC 16 Hwy Mount,28120
795, 2770 E W T Harris Blvd Eastland,28213
796, 3315 Scott Futrell Drive,28208
797, 11009 Carolina Place Pkwy,28134
798, 9101 Pineville Matthews Rd Ste H,28134
799, 11025 Carolina Place Pkwy,28134
800, 9101 Pineville-Matthews Rd.,28134
801, 11516 Carolina Pl Pkwy,28134
802, 11025 Carolina Place Pkwy,28134
803, 11415 Carolina Pl Pkwy,28134
804, 10415 Centrum Parkway,28134
805, 11025 Carolina Place Pkwy,28134
806, 9600 Pineville Matthws Rd,28134
807, 11700 Carolina Place Pkwy,28134
808, 12101 Lancaster Hwy,28134
809, 11715 Carolina Place Pkwy,28134
810, 11025 Carolina Place Pkwy,28134
811, 9415 Pineville-Matthews Road,28134
812, 11300 Carolina Place Pkwy,28134
813, 10610 Centrum Pkwy,28134
814, 11033 Carolina Pk Carolina Pl,28134
815, 10628 Park Rd,28134
816, Carolina Place Mall,28134
817, 10210 Centrum Pkwy,28134
818, The Centrum Shopping Center 10420-D Centrum Pkwy,28134
819, 11025 Carolina Place Pkwy,28134
820, 10601 Centrum Pkwy,28134
821, 11235 Carolina Place Pkwy Ste A,28134
822, 10915 Carolina Place Parkway,28134
823, 9101 Pineville Matthws Rd,28134
824, 11729 Carolina Place Pkwy,28134
825, 11025 Carolina Place Pkwy,28134
826, 10500 Centrum Pkwy,28134
827, 10917 Carolina Place Pkwy,28134
828, 11500 Carolina Place Pkwy,28134
829, 10605 Centrum Parkway,28134
830, 10200 Centrum Pkwy,28134
831, 10610 Centrum Pkwy,28134
832, 11017 Carolina Place Pkwy,28134
833, 10600 Centrum Pkwy,28134
834, 8706 Pineville-Matthews Road Suite 100,28226
835, 10610 Centrum Pkwy,28134
836, 11025 Carolina Place Parkway,28134
837, 10921 Carolina Pl Pkwy,28134
838, 11041 Carolina Place Pkwy,28134
839, 11025 Carolina Place Pkwy,28134
840, 11025 Carolina Place Pkwy Ste B7,28134
841, 9421 Pineville Matthews Rd,28134
842, 9920 Leitner St,28134
843, 9610 Pineville-Matthews Rd,28134
844, 10510 Cadillac St,28134
845, 10822-C Pineville Rd,28134
846, 8510 Park Rd,28210
847, 11210 Downs Rd,28134
848, 11000 Nations Ford Rd,28134
849, 11200 Nations Ford Rd,28134
850, 12716 Downs Cir,28134
851, 10515-A Centrum Parkway,28134
852, 10301 Feldfarm Ln,28210
853, 9530 Pineville Matthews Rd,28134
854, 11025 Carolina Place Pkwy,28134
855, 10515 B Centrum Parkway,28134
856, 401 Town Centre Blvd,28134
857, 597 N Polk St,28134
858, 9931 Lee St,28134
859, 204 S Polk St,28134
860, 425 Town Centre Blvd,28134
861, 306 N Polk St,28134
862, 220 Main St,28134
863, 9940 Pineville Matthews Rd,28134
864, 605 N Polk St,28134
865, 618 N Polk St,28134
866, 123 Main St,28134
867, 207 N Polk St,28134
868, 315 S Polk St # 4A,28134
869, 400 Town Centre Blvd,28134
870, 521 E Morehead St Ste 250 Dilworth,28202
871, 10000 Ballantyne Commons Pkwy Ballantyne,28277
872, 6700 Phillips Court Pl South Park,28210
873, 2700 Little Rock Rd,28214
874, 100 N College St First Ward,28202
875, 309 W 4th St,28202
876, 200 S Tryon St Ste 1600 Uptown,28202
877, 507 S Tryon St Uptown,28202
878, 401 S Tryon St Uptown,28202
879, 237 N Tryon St Fourth Ward,28202
880, 721 N Tryon St Fourth Ward,28202
881, 511 N Church St Fourth Ward,28202
882, 401 W 9th St Fourth Ward,28202
883, 130 W 3rd St Uptown,28202
884, 200 E 7th St First Ward,28202
885, 227 W Trade St,28202
886, 435 S Tryon St Ste 140 Uptown,28202
887, 800 W Trade St Third Ward,28202
888, 330 N Tryon St First Ward,28202
889, 550 E 8th St First Ward,28202
890, 130 N Tryon St First Ward,28202
891, 214 N Tryon St First Ward,28202
892, 100 W Trade St Fourth Ward,28202
893, 100 W. Trade St. Fourth Ward,28202
894, 1817 Central Ave Plaza Midwood,28205
895, 200 S College St Ste 1400 Uptown,28202
896, 525 N Tryon St Fourth Ward,28202
897, 8200 Providence Rd Ste 500 Arboretum,28277
898, 505 W 7th St Third Ward,28202
899, 127 N Tryon St Ste 8 Fourth Ward,28202
900, 401 N Tryon St Ste 100 Fourth Ward,28202
901, 121 W Trade St Ste 3100,28202
902, 310 E Trade St Uptown,28202
903, 200 S College St Ste 307 Uptown,28202
904, 320 S Tryon St Uptown,28202
905, 516 N Graham St Fourth Ward,28202
906, 445 W Trade St,28202
907, 128 Brevard Ct Uptown,28202
908, 325 E 9Th St First Ward,28202
909, 310 E Trade St Uptown,28202
910, 601 South College Street Uptown,28202
911, 230 N College St First Ward,28202
912, 215 N Sycamore St Third Ward,28202
913, 700 W 6th St Third Ward,28202
914, 800 East Martin Luther King Jr. Blvd Uptown,28202
915, 220 N Tryon St First Ward,28202
916, 1900 Selwyn Ave Myers Park,28274
917, 301 S College St Uptown,28202
918, 237 S Tryon St Uptown,28202
919, 316 E Morehead St South End,28202
920, 435 S Tryon St Ste 100 Uptown,28202
921, 214 N Tryon St Ste 200 First Ward,28202
922, 501 South College Street Uptown,28202
923, 404 S Mint St Uptown,28202
924, 3327 Pineville Matthews Rd Arboretum,28226
925, 401 S Tryon St Uptown,28202
926, 800 W Trade St Third Ward,28202
927, Overstreet Mall 101 S Tryon St Uptown,28202
928, 235 N. Tryon Street Fourth Ward,28202
929, 650 E Stonewall St Uptown,28202
930, 201 N Tryon St Fourth Ward,28202
931, 300 N College St First Ward,28202
932, 214 N College St First Ward,28202
933, 145 Brevard Ct Uptown,28202
934, CSL/2WC 301 South Tryon St. Uptown,28202
935, 128 South Tryon Street Uptown,28202
936, 327 S Tryon St Uptown,28202
937, 1 Wachovia Ctr Uptown,28202
938, 108 E Morehead St South End,28202
939, 214 N Tryon St First Ward,28202
940, 600 E 4th St Uptown,28202
941, 214 N Tryon St Ste J First Ward,28202
942, 105 E 5th St First Ward,28202
943, 895 W Trade St Third Ward,28202
944, 601 S Cedar St Uptown,28202
945, 105 E 5th St First Ward,28202
946, 225 E 6th St First Ward,28202
947, 206 N College St First Ward,28202
948, 508 E Martin Luther King Blvd Uptown,28202
949, 120 N Cedar St Ste 745 Third Ward,28202
950, 201 N Tryon St Fourth Ward,28202
951, 333 E Trade St First Ward,28202
952, 123 W Trade St,28202
953, 214 N Church St Fourth Ward,28202
954, 600 S Tryon St Uptown,28202
955, 100 W Trade St Fourth Ward,28202
956, 100 W Trade St Fourth Ward,28202
957, 800 S Mint St Uptown,28202
958, 800 S Mint St Uptown,28202
959, 800 E Morehead St Dilworth,28202
960, 320 S Tryon St Ste 111 Uptown,28202
961, 115 E 5th St First Ward,28202
962, Morrocroft Village 3904 Colony Rd South Park,28211
963, 4400 Sharon Rd. Southpark Mall South Park,28202
964, Southpark Mall 4400 Sharon Rd South Park,28211
965, South Park Mall 4400 Sharon Rd South Park,28211
966, Cotswold Village Shops 106 South Sharon Amity Road Cotswold,28211
967, 201 E 5th St First Ward,28202
968, 214 N Tryon St First Ward,28202
969, 200 S College St Uptown,28202
970, 100 E Stonewall St Uptown,28202
971, 601 W. Trade Street Third Ward,28202
972, 300 N College St First Ward,28202
973, 100 N Tryon St First Ward,28202
974, 301 N Tryon St Fourth Ward,28202
975, 320 S Tryon St Ste 110 Uptown,28202
976, 401 S Tryon St Uptown,28202
977, 530 Martin Luther King Jr Blvd Uptown,28202
978, 301 S College St Ste 265 Uptown,28202
979, 301 E 7th St First Ward,28202
980, 225 N Caldwell St First Ward,28202
981, 101 W Morehead St South End,28202
982, 100 N Tryon St First Ward,28202
983, 512 N Tryon St First Ward,28202
984, 212 S Tryon St Ste 1300 Uptown,28202
985, 516 N Graham St Fourth Ward,28202
986, 718 W Trade St Third Ward,28202
987, 316 South Tryon Street Uptown,28202
988, 132 E Trade St Uptown,28202
989, 225 E Seventh Street First Ward,28202
990, 129 W Trade St Ste 100,28202
991, 127 N Tryon St Ste 3 Fourth Ward,28202
992, 100 N Tryon St Ste,0
993, 118 W 5th St Fourth Ward,28202
994, 601 S Kings Dr Ste L Myers Park,28204
995, 321 S Church St Uptown,28202
996, 3541 Randolph Rd Elizabeth,28202
997, 435 S Tryon St Uptown,28202
998, 3300 Queen City Dr,28208
999, 701 N Graham St Third Ward,28202
1000, 4510 Billy Graham Pkwy,28202
